{
    "name": "Global Information",
    "numberOfRequests": {
        "total": 32000,
        "ok": 31884,
        "ko": 116
    },
    "minResponseTime": {
        "total": 195,
        "ok": 195,
        "ko": 245
    },
    "maxResponseTime": {
        "total": 60006,
        "ok": 59834,
        "ko": 60006
    },
    "meanResponseTime": {
        "total": 6309,
        "ok": 6189,
        "ko": 39407
    },
    "standardDeviation": {
        "total": 6914,
        "ok": 6449,
        "ko": 25626
    },
    "percentiles1": {
        "total": 4098,
        "ok": 4083,
        "ko": 60000
    },
    "percentiles2": {
        "total": 8257,
        "ok": 8193,
        "ko": 60002
    },
    "percentiles3": {
        "total": 18745,
        "ok": 18463,
        "ko": 60005
    },
    "percentiles4": {
        "total": 34069,
        "ok": 31790,
        "ko": 60006
    },
    "group1": {
    "name": "t < 800 ms",
    "count": 2122,
    "percentage": 7
},
    "group2": {
    "name": "800 ms < t < 1200 ms",
    "count": 2048,
    "percentage": 6
},
    "group3": {
    "name": "t > 1200 ms",
    "count": 27714,
    "percentage": 87
},
    "group4": {
    "name": "failed",
    "count": 116,
    "percentage": 0
},
    "meanNumberOfRequestsPerSecond": {
        "total": 127.49003984063745,
        "ok": 127.02788844621514,
        "ko": 0.46215139442231074
    }
}