{
    "name": "Global Information",
    "numberOfRequests": {
        "total": 24000,
        "ok": 9128,
        "ko": 14872
    },
    "minResponseTime": {
        "total": 166,
        "ok": 204,
        "ko": 166
    },
    "maxResponseTime": {
        "total": 35122,
        "ok": 34967,
        "ko": 35122
    },
    "meanResponseTime": {
        "total": 21527,
        "ok": 10223,
        "ko": 28465
    },
    "standardDeviation": {
        "total": 10611,
        "ok": 8090,
        "ko": 3869
    },
    "percentiles1": {
        "total": 29110,
        "ok": 8065,
        "ko": 29128
    },
    "percentiles2": {
        "total": 29133,
        "ok": 15806,
        "ko": 29147
    },
    "percentiles3": {
        "total": 29217,
        "ok": 26299,
        "ko": 29409
    },
    "percentiles4": {
        "total": 29540,
        "ok": 28722,
        "ko": 29572
    },
    "group1": {
    "name": "t < 800 ms",
    "count": 322,
    "percentage": 1
},
    "group2": {
    "name": "800 ms < t < 1200 ms",
    "count": 419,
    "percentage": 2
},
    "group3": {
    "name": "t > 1200 ms",
    "count": 8387,
    "percentage": 35
},
    "group4": {
    "name": "failed",
    "count": 14872,
    "percentage": 62
},
    "meanNumberOfRequestsPerSecond": {
        "total": 66.29834254143647,
        "ok": 25.215469613259668,
        "ko": 41.0828729281768
    }
}