{
    "name": "Global Information",
    "numberOfRequests": {
        "total": 15000,
        "ok": 13892,
        "ko": 1108
    },
    "minResponseTime": {
        "total": 120,
        "ok": 120,
        "ko": 1307
    },
    "maxResponseTime": {
        "total": 61235,
        "ok": 59960,
        "ko": 61235
    },
    "meanResponseTime": {
        "total": 12900,
        "ok": 9575,
        "ko": 54595
    },
    "standardDeviation": {
        "total": 17875,
        "ok": 13299,
        "ko": 15198
    },
    "percentiles1": {
        "total": 4191,
        "ok": 2967,
        "ko": 60001
    },
    "percentiles2": {
        "total": 14719,
        "ok": 11162,
        "ko": 60003
    },
    "percentiles3": {
        "total": 60001,
        "ok": 42692,
        "ko": 60005
    },
    "percentiles4": {
        "total": 60004,
        "ok": 55891,
        "ko": 60304
    },
    "group1": {
    "name": "t < 800 ms",
    "count": 1099,
    "percentage": 7
},
    "group2": {
    "name": "800 ms < t < 1200 ms",
    "count": 3947,
    "percentage": 26
},
    "group3": {
    "name": "t > 1200 ms",
    "count": 8846,
    "percentage": 59
},
    "group4": {
    "name": "failed",
    "count": 1108,
    "percentage": 7
},
    "meanNumberOfRequestsPerSecond": {
        "total": 66.66666666666667,
        "ok": 61.742222222222225,
        "ko": 4.924444444444444
    }
}