{
    "name": "Global Information",
    "numberOfRequests": {
        "total": 32000,
        "ok": 31602,
        "ko": 398
    },
    "minResponseTime": {
        "total": 191,
        "ok": 191,
        "ko": 11406
    },
    "maxResponseTime": {
        "total": 37553,
        "ok": 37553,
        "ko": 31179
    },
    "meanResponseTime": {
        "total": 8481,
        "ok": 8221,
        "ko": 29120
    },
    "standardDeviation": {
        "total": 7076,
        "ok": 6727,
        "ko": 905
    },
    "percentiles1": {
        "total": 6354,
        "ok": 6233,
        "ko": 29133
    },
    "percentiles2": {
        "total": 12479,
        "ok": 12180,
        "ko": 29151
    },
    "percentiles3": {
        "total": 23296,
        "ok": 21974,
        "ko": 29259
    },
    "percentiles4": {
        "total": 29133,
        "ok": 27631,
        "ko": 29850
    },
    "group1": {
    "name": "t < 800 ms",
    "count": 1309,
    "percentage": 4
},
    "group2": {
    "name": "800 ms < t < 1200 ms",
    "count": 1377,
    "percentage": 4
},
    "group3": {
    "name": "t > 1200 ms",
    "count": 28916,
    "percentage": 90
},
    "group4": {
    "name": "failed",
    "count": 398,
    "percentage": 1
},
    "meanNumberOfRequestsPerSecond": {
        "total": 107.74410774410775,
        "ok": 106.4040404040404,
        "ko": 1.34006734006734
    }
}