{
    "name": "Global Information",
    "numberOfRequests": {
        "total": 4317,
        "ok": 1556,
        "ko": 2761
    },
    "minResponseTime": {
        "total": 4513,
        "ok": 4513,
        "ko": 8528
    },
    "maxResponseTime": {
        "total": 60089,
        "ok": 59988,
        "ko": 60089
    },
    "meanResponseTime": {
        "total": 51846,
        "ok": 37402,
        "ko": 59986
    },
    "standardDeviation": {
        "total": 14546,
        "ok": 16098,
        "ko": 979
    },
    "percentiles1": {
        "total": 60004,
        "ok": 38303,
        "ko": 60005
    },
    "percentiles2": {
        "total": 60005,
        "ok": 52850,
        "ko": 60005
    },
    "percentiles3": {
        "total": 60006,
        "ok": 58621,
        "ko": 60006
    },
    "percentiles4": {
        "total": 60006,
        "ok": 59705,
        "ko": 60006
    },
    "group1": {
    "name": "t < 800 ms",
    "count": 0,
    "percentage": 0
},
    "group2": {
    "name": "800 ms < t < 1200 ms",
    "count": 0,
    "percentage": 0
},
    "group3": {
    "name": "t > 1200 ms",
    "count": 1556,
    "percentage": 36
},
    "group4": {
    "name": "failed",
    "count": 2761,
    "percentage": 64
},
    "meanNumberOfRequestsPerSecond": {
        "total": 16.54022988505747,
        "ok": 5.961685823754789,
        "ko": 10.578544061302683
    }
}