{
    "name": "Global Information",
    "numberOfRequests": {
        "total": 32916,
        "ok": 32624,
        "ko": 292
    },
    "minResponseTime": {
        "total": 105,
        "ok": 105,
        "ko": 10401
    },
    "maxResponseTime": {
        "total": 60006,
        "ok": 59816,
        "ko": 60006
    },
    "meanResponseTime": {
        "total": 4751,
        "ok": 4620,
        "ko": 19401
    },
    "standardDeviation": {
        "total": 6829,
        "ok": 6548,
        "ko": 15841
    },
    "percentiles1": {
        "total": 2278,
        "ok": 2251,
        "ko": 14678
    },
    "percentiles2": {
        "total": 5497,
        "ok": 5365,
        "ko": 16232
    },
    "percentiles3": {
        "total": 17305,
        "ok": 17171,
        "ko": 60003
    },
    "percentiles4": {
        "total": 35024,
        "ok": 34085,
        "ko": 60005
    },
    "group1": {
    "name": "t < 800 ms",
    "count": 5469,
    "percentage": 17
},
    "group2": {
    "name": "800 ms < t < 1200 ms",
    "count": 6723,
    "percentage": 20
},
    "group3": {
    "name": "t > 1200 ms",
    "count": 20432,
    "percentage": 62
},
    "group4": {
    "name": "failed",
    "count": 292,
    "percentage": 1
},
    "meanNumberOfRequestsPerSecond": {
        "total": 245.6417910447761,
        "ok": 243.46268656716418,
        "ko": 2.1791044776119404
    }
}